rank,rankdifference,title,year,url,checkedcount,favouritecount,dislikedcount,officialtoplistcount,usertoplistcount,akatitle,imdburl,checked,favorite,disliked,watchlist,owned
1,0,"The Shawshank Redemption",1994,http://www.icheckmovies.com/movies/the+shawshank+redemption/,109616,16653,393,21,1276,,http://www.imdb.com/title/tt0111161/,"2009-11-14 17:45:35",no,no,no,no
2,0,"The Godfather",1972,http://www.icheckmovies.com/movies/the+godfather/,95059,12832,424,40,1720,,http://www.imdb.com/title/tt0068646/,"2009-11-14 17:44:26",yes,no,no,no
3,0,"The Godfather: Part II",1974,http://www.icheckmovies.com/movies/the+godfather+part+ii/,71973,7987,261,30,1304,,http://www.imdb.com/title/tt0071562/,"2009-11-14 17:44:27",no,no,no,no
4,0,"The Dark Knight",2008,http://www.icheckmovies.com/movies/the+dark+knight/,139443,16929,788,24,1500,,http://www.imdb.com/title/tt0468569/,"2009-11-14 17:44:30",yes,no,no,no
5,0,"12 Angry Men",1957,http://www.icheckmovies.com/movies/12+angry+men/,53088,8118,114,29,1182,,http://www.imdb.com/title/tt0050083/,"2009-11-14 17:45:42",no,no,no,no
6,0,"Schindler's List",1993,http://www.icheckmovies.com/movies/schindlers+list/,87303,7941,267,32,1274,,http://www.imdb.com/title/tt0108052/,"2009-11-14 17:45:40",no,no,no,no
7,0,"The Lord of the Rings: The Return of the King",2003,http://www.icheckmovies.com/movies/the+lord+of+the+rings+the+return+of+the+king/,128051,12661,728,26,1484,,http://www.imdb.com/title/tt0167260/,"2009-11-14 17:45:46",no,no,no,no
8,0,"Pulp Fiction",1994,http://www.icheckmovies.com/movies/pulp+fiction/,123047,19699,618,37,1854,,http://www.imdb.com/title/tt0110912/,"2009-11-14 17:44:28",yes,no,no,no
9,0,"Il buono, il brutto, il cattivo",1966,http://www.icheckmovies.com/movies/il+buono+il+brutto+il+cattivo/,47767,6801,155,26,1200,"The Good, the Bad and the Ugly",http://www.imdb.com/title/tt0060196/,"2009-12-21 04:44:28",no,no,no,no
10,0,"The Lord of the Rings: The Fellowship of the Ring",2001,http://www.icheckmovies.com/movies/the+lord+of+the+rings+the+fellowship+of+the+ring/,133606,12564,742,27,1539,,http://www.imdb.com/title/tt0120737/,"2009-11-14 17:45:51",no,no,no,no
11,0,"Fight Club",1999,http://www.icheckmovies.com/movies/fight+club/,127789,20789,598,17,1451,,http://www.imdb.com/title/tt0137523/,"2009-11-14 17:44:32",no,no,no,no
12,0,"Forrest Gump",1994,http://www.icheckmovies.com/movies/forrest+gump/,138730,12299,814,24,1128,,http://www.imdb.com/title/tt0109830/,"2009-11-14 17:46:02",no,no,no,no
13,0,Inception,2010,http://www.icheckmovies.com/movies/inception/,129809,16298,919,19,1393,,http://www.imdb.com/title/tt1375666/,"2013-05-01 18:21:00",no,no,no,no
14,0,"The Lord of the Rings: The Two Towers",2002,http://www.icheckmovies.com/movies/the+lord+of+the+rings+the+two+towers/,127860,10782,604,24,1310,,http://www.imdb.com/title/tt0167261/,"2009-11-14 17:45:55",no,no,no,no
15,0,"Star Wars: Episode V - The Empire Strikes Back",1980,http://www.icheckmovies.com/movies/star+wars+episode+v+-+the+empire+strikes+back/,110618,9808,444,23,1300,,http://www.imdb.com/title/tt0080684/,"2009-11-14 17:45:44",no,no,no,no
16,0,"The Matrix",1999,http://www.icheckmovies.com/movies/the+matrix/,132759,12697,738,28,1364,,http://www.imdb.com/title/tt0133093/,"2009-11-14 17:44:52",no,no,no,no
17,0,Goodfellas,1990,http://www.icheckmovies.com/movies/goodfellas/,73565,8155,202,30,1339,,http://www.imdb.com/title/tt0099685/,"2009-11-14 17:45:47",no,no,no,no
18,0,"One Flew Over the Cuckoo's Nest",1975,http://www.icheckmovies.com/movies/one+flew+over+the+cuckoos+nest/,75189,8175,213,33,1242,,http://www.imdb.com/title/tt0073486/,"2009-11-14 17:45:41",no,no,no,no
19,0,"Shichinin no samurai",1954,http://www.icheckmovies.com/movies/shichinin+no+samurai/,28541,3961,116,34,1237,"Seven Samurai",http://www.imdb.com/title/tt0047478/,"2015-06-18 16:01:29",no,no,no,no
20,0,Se7en,1995,http://www.icheckmovies.com/movies/se7en/,104501,11132,349,25,1220,,http://www.imdb.com/title/tt0114369/,"2009-11-14 17:44:55",no,no,no,no
21,0,"La vita è bella",1997,http://www.icheckmovies.com/movies/la+vita+e+bella/,51941,5606,379,19,726,"Life Is Beautiful",http://www.imdb.com/title/tt0118799/,no,no,no,yes,no
22,0,"Cidade de Deus",2002,http://www.icheckmovies.com/movies/cidade+de+deus/,52236,6732,205,21,985,"City of God",http://www.imdb.com/title/tt0317248/,"2014-04-21 22:36:59",no,no,no,no
23,0,"The Silence of the Lambs",1991,http://www.icheckmovies.com/movies/the+silence+of+the+lambs/,104720,9402,254,33,1412,,http://www.imdb.com/title/tt0102926/,"2009-11-14 17:44:36",yes,no,no,no
24,0,"It's a Wonderful Life",1946,http://www.icheckmovies.com/movies/its+a+wonderful+life/,48144,4502,270,30,1118,,http://www.imdb.com/title/tt0038650/,no,no,no,yes,no
25,0,"Star Wars",1977,http://www.icheckmovies.com/movies/star+wars/,115926,9828,463,38,1461,"Star Wars: Episode IV - A New Hope",http://www.imdb.com/title/tt0076759/,"2009-11-14 17:45:46",no,no,no,no
26,0,"Saving Private Ryan",1998,http://www.icheckmovies.com/movies/saving+private+ryan/,97986,6580,423,27,1037,,http://www.imdb.com/title/tt0120815/,"2009-11-14 17:46:06",no,no,no,no
27,0,"Sen to Chihiro no kamikakushi",2001,http://www.icheckmovies.com/movies/sen+to+chihiro+no+kamikakushi/,64298,9199,265,37,1288,"Spirited Away",http://www.imdb.com/title/tt0245429/,no,no,no,yes,no
28,0,"The Green Mile",1999,http://www.icheckmovies.com/movies/the+green+mile/,87508,6498,341,14,671,,http://www.imdb.com/title/tt0120689/,"2009-11-14 17:46:43",no,no,no,no
29,0,Interstellar,2014,http://www.icheckmovies.com/movies/interstellar/,37866,4319,349,10,765,,http://www.imdb.com/title/tt0816692/,"2015-06-12 19:11:01",no,no,no,no
30,0,Gisaengchung,2019,http://www.icheckmovies.com/movies/gisaengchung/,9611,1625,24,18,0,Parasite,http://www.imdb.com/title/tt6751668/,"2020-02-23 02:10:25",no,no,no,no
31,0,Léon,1994,http://www.icheckmovies.com/movies/leon/,71158,8508,233,22,873,"Léon: The Professional",http://www.imdb.com/title/tt0110413/,"2009-11-14 17:44:55",no,no,no,no
32,0,Seppuku,1962,http://www.icheckmovies.com/movies/seppuku/,5179,1263,22,15,512,Harakiri,http://www.imdb.com/title/tt0056058/,no,no,no,no,no
33,0,"The Usual Suspects",1995,http://www.icheckmovies.com/movies/the+usual+suspects/,72248,7515,306,21,947,,http://www.imdb.com/title/tt0114814/,"2009-11-14 17:44:33",yes,no,no,no
34,0,"The Lion King",1994,http://www.icheckmovies.com/movies/the+lion+king/,136147,8832,301,24,938,,http://www.imdb.com/title/tt0110357/,"2009-11-14 17:47:34",no,no,no,no
35,0,"The Pianist",2002,http://www.icheckmovies.com/movies/the+pianist/,67092,5430,214,20,807,,http://www.imdb.com/title/tt0253474/,"2014-07-03 14:22:33",no,no,yes,no
36,0,"Back to the Future",1985,http://www.icheckmovies.com/movies/back+to+the+future/,121620,10657,283,24,1249,,http://www.imdb.com/title/tt0088763/,"2009-11-14 17:46:33",no,no,no,no
37,0,"Terminator 2: Judgment Day",1991,http://www.icheckmovies.com/movies/terminator+2+judgment+day/,90734,6421,316,23,1042,,http://www.imdb.com/title/tt0103064/,"2009-11-14 17:45:03",no,no,no,no
38,0,"American History X",1998,http://www.icheckmovies.com/movies/american+history+x/,81896,7724,267,10,679,,http://www.imdb.com/title/tt0120586/,"2009-11-14 17:46:00",no,no,no,no
39,0,"Modern Times",1936,http://www.icheckmovies.com/movies/modern+times/,29030,2594,79,30,852,,http://www.imdb.com/title/tt0027977/,no,no,no,yes,no
40,0,Psycho,1960,http://www.icheckmovies.com/movies/psycho/,70574,6328,133,38,1617,,http://www.imdb.com/title/tt0054215/,"2010-01-11 07:30:28",no,no,no,no
41,0,Gladiator,2000,http://www.icheckmovies.com/movies/gladiator/,109457,7496,718,25,922,,http://www.imdb.com/title/tt0172495/,"2009-11-14 17:46:53",no,no,no,no
42,0,"City Lights",1931,http://www.icheckmovies.com/movies/city+lights/,20504,2399,74,33,910,,http://www.imdb.com/title/tt0021749/,no,no,no,yes,no
43,0,"The Departed",2006,http://www.icheckmovies.com/movies/the+departed/,88489,8110,419,18,959,,http://www.imdb.com/title/tt0407887/,"2009-11-14 17:45:07",no,no,no,no
44,0,Intouchables,2011,http://www.icheckmovies.com/movies/intouchables/,33125,4092,165,7,572,"The Intouchables",http://www.imdb.com/title/tt1675434/,no,no,no,yes,no
45,0,Whiplash,2014,http://www.icheckmovies.com/movies/whiplash-2014/,28083,4018,149,11,769,,http://www.imdb.com/title/tt2582802/,"2015-07-20 04:50:18",no,no,no,no
46,0,"Hotaru no haka",1988,http://www.icheckmovies.com/movies/hotaru+no+haka/,24294,3147,148,18,710,"Grave of the Fireflies",http://www.imdb.com/title/tt0095327/,no,no,no,yes,no
47,0,"The Prestige",2006,http://www.icheckmovies.com/movies/the+prestige/,87665,8891,402,13,840,,http://www.imdb.com/title/tt0482571/,"2009-11-14 17:45:16",no,no,no,no
48,0,"C'era una volta il West",1968,http://www.icheckmovies.com/movies/cera+una+volta+il+west/,27040,3445,109,26,1042,"Once Upon a Time in the West",http://www.imdb.com/title/tt0064116/,"2013-05-30 01:14:02",no,no,no,no
49,0,Casablanca,1942,http://www.icheckmovies.com/movies/casablanca/,56354,5893,267,36,1398,,http://www.imdb.com/title/tt0034583/,no,no,no,yes,no
50,0,"Nuovo Cinema Paradiso",1988,http://www.icheckmovies.com/movies/nuovo+cinema+paradiso/,21357,2857,140,18,676,"Cinema Paradiso",http://www.imdb.com/title/tt0095765/,no,no,no,yes,no
51,0,"Rear Window",1954,http://www.icheckmovies.com/movies/rear+window/,46884,5773,116,29,1238,,http://www.imdb.com/title/tt0047396/,"2015-01-07 18:43:25",no,no,yes,no
52,0,Alien,1979,http://www.icheckmovies.com/movies/alien/,81596,7056,256,28,1430,,http://www.imdb.com/title/tt0078748/,"2009-11-14 17:45:01",no,no,no,no
53,0,"Apocalypse Now",1979,http://www.icheckmovies.com/movies/apocalypse+now/,62646,6433,350,35,1431,,http://www.imdb.com/title/tt0078788/,"2009-11-14 17:45:59",no,no,no,no
54,1,Memento,2000,http://www.icheckmovies.com/movies/memento/,93453,10979,458,24,1199,,http://www.imdb.com/title/tt0209144/,"2009-11-14 17:44:54",yes,no,no,no
55,-1,Hamilton,2020,http://www.icheckmovies.com/movies/hamilton-2020/,1456,141,8,1,0,,http://www.imdb.com/title/tt8503618/,no,no,no,no,no
56,0,"The Great Dictator",1940,http://www.icheckmovies.com/movies/the+great+dictator/,26105,2364,98,24,737,,http://www.imdb.com/title/tt0032553/,no,no,no,yes,no
57,0,"Raiders of the Lost Ark",1981,http://www.icheckmovies.com/movies/raiders+of+the+lost+ark/,91578,6779,254,28,1174,,http://www.imdb.com/title/tt0082971/,"2009-11-14 17:45:49",yes,no,no,no
58,0,"Django Unchained",2012,http://www.icheckmovies.com/movies/django+unchained/,61045,6349,258,11,1007,,http://www.imdb.com/title/tt1853728/,"2013-05-01 18:24:25",no,no,no,no
59,0,"Das Leben der Anderen",2006,http://www.icheckmovies.com/movies/das+leben+der+anderen/,30011,3847,110,19,745,"The Lives of Others",http://www.imdb.com/title/tt0405094/,no,no,no,yes,no
60,0,Joker,2019,http://www.icheckmovies.com/movies/joker-2019/,10938,1070,115,13,0,,http://www.imdb.com/title/tt7286456/,"2019-10-17 05:29:07",no,no,no,no
61,0,"Paths of Glory",1957,http://www.icheckmovies.com/movies/paths+of+glory/,17920,2296,77,25,809,,http://www.imdb.com/title/tt0050825/,no,no,no,yes,no
62,0,WALL·E,2008,http://www.icheckmovies.com/movies/walle/,117428,9891,583,23,1030,,http://www.imdb.com/title/tt0910970/,"2014-11-26 17:29:42",no,no,yes,no
63,0,"The Shining",1980,http://www.icheckmovies.com/movies/the+shining/,95331,9366,404,27,1490,,http://www.imdb.com/title/tt0081505/,"2009-11-14 17:45:05",no,no,no,no
64,0,"Avengers: Infinity War",2018,http://www.icheckmovies.com/movies/avengers+infinity+war/,14014,1001,115,9,332,,http://www.imdb.com/title/tt4154756/,"2018-04-27 05:19:27",no,no,no,no
65,0,"Sunset Blvd.",1950,http://www.icheckmovies.com/movies/sunset+blvd./,25699,3625,96,33,1172,"Sunset Boulevard",http://www.imdb.com/title/tt0043014/,no,no,no,yes,no
66,0,"Witness for the Prosecution",1957,http://www.icheckmovies.com/movies/witness+for+the+prosecution/,9491,1298,40,10,499,,http://www.imdb.com/title/tt0051201/,no,no,no,yes,no
67,0,Oldeuboi,2003,http://www.icheckmovies.com/movies/oldeuboi/,44034,6296,303,29,1046,Oldboy,http://www.imdb.com/title/tt0364569/,"2009-11-14 17:47:02",no,no,no,no
68,0,Mononoke-hime,1997,http://www.icheckmovies.com/movies/mononoke-hime/,41903,4916,181,17,791,"Princess Mononoke",http://www.imdb.com/title/tt0119698/,no,no,no,yes,no
69,0,"Spider-Man: Into the Spider-Verse",2018,http://www.icheckmovies.com/movies/spider-man+into+the+spider-verse/,9868,1265,28,14,0,,http://www.imdb.com/title/tt4633694/,"2019-01-18 16:05:10",no,no,no,no
70,0,"Dr. Strangelove or: How I Learned to Stop Worrying and Love the Bomb",1964,http://www.icheckmovies.com/movies/dr.+strangelove+or+how+i+learned+to+stop+worrying+and+love+the+bomb/,50037,6331,329,33,1275,,http://www.imdb.com/title/tt0057012/,"2009-11-14 17:44:53",no,no,no,no
71,0,"The Dark Knight Rises",2012,http://www.icheckmovies.com/movies/the+dark+knight+rises/,70042,4950,570,8,805,,http://www.imdb.com/title/tt1345836/,"2013-05-01 18:25:12",no,no,no,no
72,0,"Once Upon a Time in America",1984,http://www.icheckmovies.com/movies/once+upon+a+time+in+america/,26425,2294,136,18,696,,http://www.imdb.com/title/tt0087843/,no,no,no,yes,no
73,0,Aliens,1986,http://www.icheckmovies.com/movies/aliens/,64855,4566,256,22,1002,,http://www.imdb.com/title/tt0090605/,"2009-11-14 17:45:08",no,no,no,no
74,0,"Kimi no na wa.",2016,http://www.icheckmovies.com/movies/kimi+no+na+wa./,6810,989,39,10,279,"Your Name",http://www.imdb.com/title/tt5311514/,no,no,no,no,no
75,0,Coco,2017,http://www.icheckmovies.com/movies/coco-2017/,11995,1180,40,12,364,,http://www.imdb.com/title/tt2380307/,"2018-06-08 07:10:21",no,no,no,no
76,0,"Avengers: Endgame",2019,http://www.icheckmovies.com/movies/avengers+endgame/,10381,733,94,10,304,,http://www.imdb.com/title/tt4154796/,"2019-04-27 23:27:41",no,no,no,no
77,0,"American Beauty",1999,http://www.icheckmovies.com/movies/american+beauty/,98378,10231,611,22,1093,,http://www.imdb.com/title/tt0169547/,"2009-11-14 17:46:00",no,no,no,no
78,0,Braveheart,1995,http://www.icheckmovies.com/movies/braveheart/,84675,4538,654,20,700,,http://www.imdb.com/title/tt0112573/,"2014-12-03 15:30:26",no,no,yes,no
79,0,"Das Boot",1981,http://www.icheckmovies.com/movies/das+boot/,21723,1836,87,15,688,,http://www.imdb.com/title/tt0082096/,"2009-11-14 17:46:20",no,no,no,no
80,0,"3 Idiots",2009,http://www.icheckmovies.com/movies/3+idiots/,9729,989,191,3,206,,http://www.imdb.com/title/tt1187043/,no,no,no,yes,no
81,0,"Toy Story",1995,http://www.icheckmovies.com/movies/toy+story/,135781,7654,269,25,1062,,http://www.imdb.com/title/tt0114709/,"2009-11-14 17:47:39",no,no,no,no
82,0,Capharnaüm,2018,http://www.icheckmovies.com/movies/capharnaum/,1576,227,8,6,0,Capernaum,http://www.imdb.com/title/tt8267604/,no,no,no,no,no
83,0,"Tengoku to jigoku",1963,http://www.icheckmovies.com/movies/tengoku+to+jigoku/,4993,952,18,14,507,"High and Low",http://www.imdb.com/title/tt0057565/,no,no,no,no,no
84,0,Amadeus,1984,http://www.icheckmovies.com/movies/amadeus/,46793,4158,188,22,795,,http://www.imdb.com/title/tt0086879/,"2014-08-29 19:49:08",no,no,yes,no
85,0,"Inglourious Basterds",2009,http://www.icheckmovies.com/movies/inglourious+basterds/,111796,13001,804,15,1141,,http://www.imdb.com/title/tt0361748/,"2009-11-14 17:46:07",no,no,no,no
86,0,"Star Wars: Episode VI - Return of the Jedi",1983,http://www.icheckmovies.com/movies/star+wars+episode+vi+-+return+of+the+jedi/,101585,6179,378,16,946,,http://www.imdb.com/title/tt0086190/,"2009-11-14 17:46:52",no,no,no,no
87,1,"Good Will Hunting",1997,http://www.icheckmovies.com/movies/good+will+hunting/,76336,5858,281,9,712,,http://www.imdb.com/title/tt0119217/,"2009-11-14 17:48:36",no,no,no,no
88,-1,"Taare Zameen Par",2007,http://www.icheckmovies.com/movies/taare+zameen+par/,3862,332,89,3,149,"Like Stars on Earth",http://www.imdb.com/title/tt0986264/,no,no,no,yes,no
89,0,"Reservoir Dogs",1992,http://www.icheckmovies.com/movies/reservoir+dogs/,88194,9625,343,25,1176,,http://www.imdb.com/title/tt0105236/,"2009-11-14 17:45:10",no,no,no,no
90,0,"2001: A Space Odyssey",1968,http://www.icheckmovies.com/movies/2001+a+space+odyssey/,67610,7816,866,42,1657,,http://www.imdb.com/title/tt0062622/,"2013-11-05 20:21:10",no,no,yes,no
91,0,"Requiem for a Dream",2000,http://www.icheckmovies.com/movies/requiem+for+a+dream/,76058,7910,717,20,933,,http://www.imdb.com/title/tt0180093/,"2009-11-14 17:46:18",no,no,no,no
92,0,Vertigo,1958,http://www.icheckmovies.com/movies/vertigo/,44069,4788,197,39,1406,,http://www.imdb.com/title/tt0052357/,"2016-09-07 16:43:12",no,no,yes,no
93,0,"M - Eine Stadt sucht einen Mörder",1931,http://www.icheckmovies.com/movies/m+-+eine+stadt+sucht+einen+morder/,19833,2684,82,34,1059,M,http://www.imdb.com/title/tt0022100/,"2009-11-14 17:44:59",no,no,no,no
94,0,Jagten,2012,http://www.icheckmovies.com/movies/jagten/,13523,2193,54,7,567,"The Hunt",http://www.imdb.com/title/tt2106476/,no,no,no,no,no
95,0,"Eternal Sunshine of the Spotless Mind",2004,http://www.icheckmovies.com/movies/eternal+sunshine+of+the+spotless+mind/,96558,13574,786,27,1287,,http://www.imdb.com/title/tt0338013/,"2009-11-14 17:46:15",no,no,no,no
96,0,"Citizen Kane",1941,http://www.icheckmovies.com/movies/citizen+kane/,48906,4596,402,36,1453,,http://www.imdb.com/title/tt0033467/,"2014-12-07 18:55:48",no,no,yes,no
97,0,Dangal,2016,http://www.icheckmovies.com/movies/dangal/,1572,110,28,6,0,,http://www.imdb.com/title/tt5074352/,no,no,no,no,no
98,0,"Full Metal Jacket",1987,http://www.icheckmovies.com/movies/full+metal+jacket/,67413,5918,198,17,944,,http://www.imdb.com/title/tt0093058/,"2009-11-14 17:46:36",no,no,no,no
99,0,"Ladri di biciclette",1948,http://www.icheckmovies.com/movies/ladri+di+biciclette/,20389,2377,114,34,1015,"Bicycle Thieves",http://www.imdb.com/title/tt0040522/,no,no,no,yes,no
100,0,"Singin' in the Rain",1952,http://www.icheckmovies.com/movies/singin+in+the+rain/,41017,3980,152,36,1196,,http://www.imdb.com/title/tt0045152/,no,no,no,yes,no
101,0,"The Kid",1921,http://www.icheckmovies.com/movies/the+kid/,16644,1290,47,16,522,,http://www.imdb.com/title/tt0012349/,no,no,no,yes,no
102,0,"North by Northwest",1959,http://www.icheckmovies.com/movies/north+by+northwest/,34571,3391,92,26,1015,,http://www.imdb.com/title/tt0053125/,"2013-10-17 19:05:25",no,no,yes,no
103,0,Snatch,2000,http://www.icheckmovies.com/movies/snatch-2000/,69260,6767,316,10,621,,http://www.imdb.com/title/tt0208092/,"2009-11-14 17:47:22",no,no,no,no
104,0,"A Clockwork Orange",1971,http://www.icheckmovies.com/movies/a+clockwork+orange/,85680,9914,810,35,1447,,http://www.imdb.com/title/tt0066921/,"2009-11-14 17:45:04",no,no,no,no
105,0,1917,2019,http://www.icheckmovies.com/movies/1917/,6477,639,22,11,0,,http://www.imdb.com/title/tt8579674/,no,no,no,no,no
106,0,Scarface,1983,http://www.icheckmovies.com/movies/scarface/,64184,4465,432,19,776,,http://www.imdb.com/title/tt0086250/,"2009-11-14 17:47:43",no,no,no,no
107,1,"Idi i smotri",1985,http://www.icheckmovies.com/movies/idi+i+smotri/,5914,1315,54,25,650,"Come and See",http://www.imdb.com/title/tt0091251/,no,no,no,no,no
108,-1,Ikiru,1952,http://www.icheckmovies.com/movies/ikiru/,8700,1518,48,22,681,,http://www.imdb.com/title/tt0044741/,no,no,no,yes,no
109,0,"Taxi Driver",1976,http://www.icheckmovies.com/movies/taxi+driver/,69101,7201,308,31,1439,,http://www.imdb.com/title/tt0075314/,"2009-11-14 17:44:56",no,no,no,no
110,0,"Lawrence of Arabia",1962,http://www.icheckmovies.com/movies/lawrence+of+arabia/,30171,2799,202,38,1111,,http://www.imdb.com/title/tt0056172/,no,no,no,yes,no
111,0,"Toy Story 3",2010,http://www.icheckmovies.com/movies/toy+story+3/,101306,6423,317,16,879,,http://www.imdb.com/title/tt0435761/,"2015-03-30 04:24:21",no,no,yes,no
112,0,"Le fabuleux destin d'Amélie Poulain",2001,http://www.icheckmovies.com/movies/le+fabuleux+destin+damelie+poulain/,76831,10685,651,26,1062,Amélie,http://www.imdb.com/title/tt0211915/,no,no,no,yes,no
113,0,"Jodaeiye Nader az Simin",2011,http://www.icheckmovies.com/movies/jodaeiye+nader+az+simin/,10753,1660,71,13,671,"A Separation",http://www.imdb.com/title/tt1832382/,no,no,no,yes,no
114,0,"The Sting",1973,http://www.icheckmovies.com/movies/the+sting/,24063,2219,68,16,624,,http://www.imdb.com/title/tt0070735/,no,no,no,yes,no
115,0,Incendies,2010,http://www.icheckmovies.com/movies/incendies/,8834,1304,64,8,401,,http://www.imdb.com/title/tt1255953/,no,no,no,yes,no
116,0,Metropolis,1927,http://www.icheckmovies.com/movies/metropolis/,27261,2743,141,34,1086,,http://www.imdb.com/title/tt0017136/,no,no,no,yes,no
117,0,"Per qualche dollaro in più",1965,http://www.icheckmovies.com/movies/per+qualche+dollaro+in+piu/,20736,1791,45,9,527,"For a Few Dollars More",http://www.imdb.com/title/tt0059578/,"2009-12-21 04:45:14",no,no,no,no
118,0,"The Apartment",1960,http://www.icheckmovies.com/movies/the+apartment/,20887,2728,78,27,947,,http://www.imdb.com/title/tt0053604/,no,no,no,yes,no
119,0,"Double Indemnity",1944,http://www.icheckmovies.com/movies/double+indemnity/,19755,2377,59,34,949,,http://www.imdb.com/title/tt0036775/,no,no,no,yes,no
120,0,"To Kill a Mockingbird",1962,http://www.icheckmovies.com/movies/to+kill+a+mockingbird/,49013,3054,183,19,790,,http://www.imdb.com/title/tt0056592/,no,no,no,yes,no
121,0,Up,2009,http://www.icheckmovies.com/movies/up/,116678,9314,403,17,847,,http://www.imdb.com/title/tt1049413/,"2010-01-02 21:44:33",no,no,no,no
122,0,"Indiana Jones and the Last Crusade",1989,http://www.icheckmovies.com/movies/indiana+jones+and+the+last+crusade/,85754,4746,212,15,667,,http://www.imdb.com/title/tt0097576/,"2009-11-14 17:46:48",no,no,no,no
123,0,Heat,1995,http://www.icheckmovies.com/movies/heat/,43836,3372,231,21,740,,http://www.imdb.com/title/tt0113277/,"2009-11-14 17:47:09",no,no,no,no
124,0,"L.A. Confidential",1997,http://www.icheckmovies.com/movies/l.a.+confidential/,44729,3729,181,23,827,,http://www.imdb.com/title/tt0119488/,"2009-11-14 17:45:10",no,no,no,no
125,0,"Die Hard",1988,http://www.icheckmovies.com/movies/die+hard/,88241,5610,231,19,949,,http://www.imdb.com/title/tt0095016/,"2009-11-14 17:47:01",no,no,no,no
126,0,"Green Book",2018,http://www.icheckmovies.com/movies/green+book/,7129,545,61,11,0,,http://www.imdb.com/title/tt6966692/,no,no,no,no,no
127,0,"Monty Python and the Holy Grail",1975,http://www.icheckmovies.com/movies/monty+python+and+the+holy+grail/,83091,7666,455,21,895,,http://www.imdb.com/title/tt0071853/,"2009-11-14 17:46:21",no,no,no,no
128,0,Yôjinbô,1961,http://www.icheckmovies.com/movies/yojinbo/,13261,1564,55,18,611,Yojimbo,http://www.imdb.com/title/tt0055630/,no,no,no,yes,no
129,0,"Batman Begins",2005,http://www.icheckmovies.com/movies/batman+begins/,113723,6396,439,12,839,,http://www.imdb.com/title/tt0372784/,"2009-11-14 17:46:49",no,no,no,no
130,0,Rashômon,1950,http://www.icheckmovies.com/movies/rashomon/,20450,2356,105,31,1005,Rashomon,http://www.imdb.com/title/tt0042876/,no,no,no,yes,no
131,0,"Der Untergang",2004,http://www.icheckmovies.com/movies/der+untergang/,32045,2189,108,15,555,Downfall,http://www.imdb.com/title/tt0363163/,"2009-11-14 18:00:19",no,no,no,no
132,0,"Bacheha-Ye aseman",1997,http://www.icheckmovies.com/movies/bacheha-ye+aseman/,3449,466,32,9,248,"Children of Heaven",http://www.imdb.com/title/tt0118849/,no,no,no,no,no
133,0,Unforgiven,1992,http://www.icheckmovies.com/movies/unforgiven/,34075,2715,158,22,871,,http://www.imdb.com/title/tt0105695/,"2014-11-21 23:58:32",no,no,yes,no
134,0,Ran,1985,http://www.icheckmovies.com/movies/ran/,13055,1548,78,23,715,,http://www.imdb.com/title/tt0089881/,no,no,no,yes,no
135,0,"Some Like It Hot",1959,http://www.icheckmovies.com/movies/some+like+it+hot/,34751,3468,108,34,1047,,http://www.imdb.com/title/tt0053291/,no,no,no,yes,no
136,0,"Hauru no ugoku shiro",2004,http://www.icheckmovies.com/movies/hauru+no+ugoku+shiro/,38677,4462,159,16,582,"Howl's Moving Castle",http://www.imdb.com/title/tt0347149/,no,no,no,yes,no
137,0,"All About Eve",1950,http://www.icheckmovies.com/movies/all+about+eve/,16669,1935,61,24,878,,http://www.imdb.com/title/tt0042192/,no,no,no,yes,no
138,0,Casino,1995,http://www.icheckmovies.com/movies/casino/,41109,2684,171,11,602,,http://www.imdb.com/title/tt0112641/,"2015-03-25 20:56:49",no,no,yes,no
139,0,"A Beautiful Mind",2001,http://www.icheckmovies.com/movies/a+beautiful+mind/,74255,5042,399,10,555,,http://www.imdb.com/title/tt0268978/,"2009-11-14 17:53:09",no,no,no,no
140,0,"The Great Escape",1963,http://www.icheckmovies.com/movies/the+great+escape/,29122,1887,73,15,623,,http://www.imdb.com/title/tt0057115/,"2015-08-28 18:04:37",no,no,yes,no
141,0,"The Wolf of Wall Street",2013,http://www.icheckmovies.com/movies/the+wolf+of+wall+street-2013/,44344,3246,394,12,797,,http://www.imdb.com/title/tt0993846/,"2014-02-05 15:40:08",no,no,no,no
142,0,"El laberinto del fauno",2006,http://www.icheckmovies.com/movies/el+laberinto+del+fauno/,72512,8052,512,31,1189,"Pan's Labyrinth",http://www.imdb.com/title/tt0457430/,"2009-11-14 17:45:13",no,no,no,no
143,0,"El secreto de sus ojos",2009,http://www.icheckmovies.com/movies/el+secreto+de+sus+ojos/,16246,1999,108,10,401,"The Secret in Their Eyes",http://www.imdb.com/title/tt1305806/,no,no,no,yes,no
144,0,"There Will Be Blood",2007,http://www.icheckmovies.com/movies/there+will+be+blood/,57263,6263,528,19,1097,,http://www.imdb.com/title/tt0469494/,"2014-10-07 06:11:12",no,no,no,no
145,0,"Lock, Stock and Two Smoking Barrels",1998,http://www.icheckmovies.com/movies/lock+stock+and+two+smoking+barrels/,50276,4474,224,7,480,,http://www.imdb.com/title/tt0120735/,"2009-11-14 17:47:56",no,no,no,no
146,0,"Tonari no Totoro",1988,http://www.icheckmovies.com/movies/tonari+no+totoro/,37234,4323,126,19,754,"My Neighbor Totoro",http://www.imdb.com/title/tt0096283/,no,no,no,yes,no
147,0,"Raging Bull",1980,http://www.icheckmovies.com/movies/raging+bull/,34883,2946,229,31,1053,,http://www.imdb.com/title/tt0081398/,"2009-11-14 17:46:25",no,no,no,no
148,0,"Judgment at Nuremberg",1961,http://www.icheckmovies.com/movies/judgment+at+nuremberg/,6956,684,30,7,389,,http://www.imdb.com/title/tt0055031/,no,no,no,no,no
149,0,"The Treasure of the Sierra Madre",1948,http://www.icheckmovies.com/movies/the+treasure+of+the+sierra+madre/,14450,1519,63,24,759,,http://www.imdb.com/title/tt0040897/,no,no,no,yes,no
150,0,"Dial M for Murder",1954,http://www.icheckmovies.com/movies/dial+m+for+murder/,19145,1615,45,8,480,,http://www.imdb.com/title/tt0046912/,no,no,no,yes,no
151,0,"Three Billboards Outside Ebbing, Missouri",2017,http://www.icheckmovies.com/movies/three+billboards+outside+ebbing+missouri/,11918,1318,84,9,0,,http://www.imdb.com/title/tt5027774/,"2019-03-10 22:48:14",no,no,no,no
152,0,"Shutter Island",2010,http://www.icheckmovies.com/movies/shutter+island/,86176,6587,593,8,728,,http://www.imdb.com/title/tt1130884/,"2013-05-01 18:27:48",no,no,no,no
153,0,"The Gold Rush",1925,http://www.icheckmovies.com/movies/the+gold+rush/,15896,1206,79,29,724,,http://www.imdb.com/title/tt0015864/,no,no,no,yes,no
154,0,Chinatown,1974,http://www.icheckmovies.com/movies/chinatown/,34972,3434,175,28,1149,,http://www.imdb.com/title/tt0071315/,"2015-08-20 17:31:54",no,no,yes,no
155,0,"Babam ve Oglum",2005,http://www.icheckmovies.com/movies/babam+ve+oglum/,2268,149,40,4,90,"My Father and My Son",http://www.imdb.com/title/tt0476735/,no,no,no,no,no
156,0,"No Country for Old Men",2007,http://www.icheckmovies.com/movies/no+country+for+old+men/,79714,7547,698,23,1191,,http://www.imdb.com/title/tt0477348/,"2009-11-14 17:46:57",no,no,no,no
157,0,"V for Vendetta",2005,http://www.icheckmovies.com/movies/v+for+vendetta/,104461,9677,795,9,719,,http://www.imdb.com/title/tt0434409/,"2009-11-14 17:47:48",no,no,no,no
158,0,"Inside Out",2015,http://www.icheckmovies.com/movies/inside+out-2015/,28352,2570,111,15,603,,http://www.imdb.com/title/tt2096673/,"2016-04-27 20:52:02",no,no,no,no
159,0,"Det sjunde inseglet",1957,http://www.icheckmovies.com/movies/det+sjunde+inseglet/,18964,2361,151,26,901,"The Seventh Seal",http://www.imdb.com/title/tt0050976/,no,no,no,yes,no
160,0,"The Elephant Man",1980,http://www.icheckmovies.com/movies/the+elephant+man/,30062,2241,92,15,669,,http://www.imdb.com/title/tt0080678/,no,no,no,yes,no
161,0,"The Thing",1982,http://www.icheckmovies.com/movies/the+thing/,43014,4098,211,19,1042,,http://www.imdb.com/title/tt0084787/,"2009-11-14 17:47:47",no,no,no,no
162,0,Warrior,2011,http://www.icheckmovies.com/movies/warrior/,20670,1711,142,4,362,,http://www.imdb.com/title/tt1291584/,"2013-05-01 18:29:23",no,no,no,no
163,0,"The Sixth Sense",1999,http://www.icheckmovies.com/movies/the+sixth+sense/,99871,5171,368,19,805,,http://www.imdb.com/title/tt0167404/,"2009-11-14 17:47:15",no,no,no,no
164,0,Trainspotting,1996,http://www.icheckmovies.com/movies/trainspotting/,72994,6913,372,17,893,,http://www.imdb.com/title/tt0117951/,"2009-11-14 17:47:38",no,no,no,no
165,0,"Jurassic Park",1993,http://www.icheckmovies.com/movies/jurassic+park/,114031,6333,366,21,1050,,http://www.imdb.com/title/tt0107290/,"2009-11-14 17:50:04",no,no,no,no
166,0,Klaus,2019,http://www.icheckmovies.com/movies/klaus/,3102,273,7,7,0,,http://www.imdb.com/title/tt4729430/,no,no,no,no,no
167,0,"The Truman Show",1998,http://www.icheckmovies.com/movies/the+truman+show/,101685,8162,313,14,825,,http://www.imdb.com/title/tt0120382/,"2009-11-14 17:54:44",no,no,no,no
168,0,"Gone with the Wind",1939,http://www.icheckmovies.com/movies/gone+with+the+wind/,42294,2774,410,30,974,,http://www.imdb.com/title/tt0031381/,no,no,no,yes,no
169,0,"Finding Nemo",2003,http://www.icheckmovies.com/movies/finding+nemo/,132200,6769,318,16,852,,http://www.imdb.com/title/tt0266543/,"2009-11-14 17:47:30",no,no,no,no
170,0,Smultronstället,1957,http://www.icheckmovies.com/movies/smultronstallet/,12060,1618,81,22,748,"Wild Strawberries",http://www.imdb.com/title/tt0050986/,no,no,no,yes,no
171,0,"Blade Runner",1982,http://www.icheckmovies.com/movies/blade+runner/,70218,7415,622,33,1441,,http://www.imdb.com/title/tt0083658/,"2009-11-14 17:46:56",no,no,no,no
172,0,Stalker,1979,http://www.icheckmovies.com/movies/stalker/,12931,2198,171,22,840,,http://www.imdb.com/title/tt0079944/,no,no,no,yes,no
173,0,"Kill Bill: Vol. 1",2003,http://www.icheckmovies.com/movies/kill+bill+vol.+1/,107689,9167,773,16,998,,http://www.imdb.com/title/tt0266697/,"2009-11-14 17:47:18",no,no,no,no
174,0,"Salinui chueok",2003,http://www.icheckmovies.com/movies/salinui+chueok/,8483,1350,43,14,483,"Memories of Murder",http://www.imdb.com/title/tt0353969/,no,no,no,yes,no
175,1,"The Bridge on the River Kwai",1957,http://www.icheckmovies.com/movies/the+bridge+on+the+river+kwai/,25680,1782,75,29,793,,http://www.imdb.com/title/tt0050212/,no,no,no,yes,no
176,1,Fargo,1996,http://www.icheckmovies.com/movies/fargo/,65014,6631,355,26,1169,,http://www.imdb.com/title/tt0116282/,"2009-11-14 17:47:03",no,no,no,no
177,-2,Anand,1971,http://www.icheckmovies.com/movies/anand/,770,80,9,3,81,,http://www.imdb.com/title/tt0066763/,no,no,no,no,no
178,0,Room,2015,http://www.icheckmovies.com/movies/room-2015/,13711,1394,48,6,392,,http://www.imdb.com/title/tt3170832/,"2016-06-27 21:17:11",no,no,no,no
179,0,"The Third Man",1949,http://www.icheckmovies.com/movies/the+third+man/,20844,2553,97,33,1068,,http://www.imdb.com/title/tt0041959/,no,no,no,yes,no
180,0,"Gran Torino",2008,http://www.icheckmovies.com/movies/gran+torino/,66751,4876,455,8,509,,http://www.imdb.com/title/tt1205489/,"2009-11-14 17:46:30",no,no,no,no
181,0,"Relatos salvajes",2014,http://www.icheckmovies.com/movies/relatos+salvajes/,7169,1146,40,7,348,"Wild Tales",http://www.imdb.com/title/tt3011894/,no,no,no,no,no
182,0,"On the Waterfront",1954,http://www.icheckmovies.com/movies/on+the+waterfront/,19014,1667,92,29,850,,http://www.imdb.com/title/tt0047296/,no,no,no,yes,no
183,0,"Tôkyô monogatari",1953,http://www.icheckmovies.com/movies/tokyo+monogatari/,8241,1191,67,25,827,"Tokyo Story",http://www.imdb.com/title/tt0046438/,no,no,no,no,no
184,0,"The Deer Hunter",1978,http://www.icheckmovies.com/movies/the+deer+hunter/,31940,2433,217,24,883,,http://www.imdb.com/title/tt0077416/,"2017-11-08 22:18:38",no,no,yes,no
185,0,"In the Name of the Father",1993,http://www.icheckmovies.com/movies/in+the+name+of+the+father/,13240,1079,31,6,310,,http://www.imdb.com/title/tt0107207/,no,no,no,yes,no
186,0,"Mary and Max",2009,http://www.icheckmovies.com/movies/mary+and+max/,18884,2539,137,5,384,,http://www.imdb.com/title/tt0978762/,no,no,no,yes,no
187,1,"The Grand Budapest Hotel",2014,http://www.icheckmovies.com/movies/the+grand+budapest+hotel/,36064,4283,172,16,855,,http://www.imdb.com/title/tt2278388/,"2014-12-07 19:01:45",no,no,no,no
188,1,"Gone Girl",2014,http://www.icheckmovies.com/movies/gone+girl/,31511,2965,210,9,625,,http://www.imdb.com/title/tt2267998/,"2014-10-16 13:33:05",no,no,no,no
189,1,"Before Sunrise",1995,http://www.icheckmovies.com/movies/before+sunrise/,24896,3248,163,12,614,,http://www.imdb.com/title/tt0112471/,no,no,no,no,no
190,1,"Catch Me If You Can",2002,http://www.icheckmovies.com/movies/catch+me+if+you+can/,80926,5624,209,9,529,,http://www.imdb.com/title/tt0264464/,"2009-11-14 17:52:43",no,no,no,no
191,1,"Hacksaw Ridge",2016,http://www.icheckmovies.com/movies/hacksaw+ridge/,9390,631,138,7,269,,http://www.imdb.com/title/tt2119532/,no,no,no,no,no
192,1,Höstsonaten,1978,http://www.icheckmovies.com/movies/hostsonaten/,3430,519,23,10,354,"Autumn Sonata",http://www.imdb.com/title/tt0077711/,no,no,no,no,no
193,1,Persona,1966,http://www.icheckmovies.com/movies/persona/,13940,2167,131,25,929,,http://www.imdb.com/title/tt0060827/,no,no,no,yes,no
194,-7,Soul,2020,http://www.icheckmovies.com/movies/soul-2020/,2518,220,7,7,0,,http://www.imdb.com/title/tt2948372/,"2020-12-26 19:47:13",no,no,no,no
195,0,Andhadhun,2018,http://www.icheckmovies.com/movies/andhadhun/,626,45,10,1,0,,http://www.imdb.com/title/tt8108198/,no,no,no,no,no
196,0,Prisoners,2013,http://www.icheckmovies.com/movies/prisoners-2013/,20534,1916,110,7,527,,http://www.imdb.com/title/tt1392214/,"2014-05-18 06:02:48",no,no,no,no
197,0,"The Big Lebowski",1998,http://www.icheckmovies.com/movies/the+big+lebowski/,82404,10234,697,24,1090,,http://www.imdb.com/title/tt0118715/,"2009-11-14 17:47:24",no,no,no,no
198,0,"Sherlock Jr.",1924,http://www.icheckmovies.com/movies/sherlock+jr./,9679,1251,35,23,608,,http://www.imdb.com/title/tt0015324/,no,no,no,no,no
199,0,"To Be or Not to Be",1942,http://www.icheckmovies.com/movies/to+be+or+not+to+be/,5873,844,19,22,594,,http://www.imdb.com/title/tt0035446/,no,no,no,no,no
200,0,"The General",1926,http://www.icheckmovies.com/movies/the+general/,13877,1629,51,33,833,,http://www.imdb.com/title/tt0017925/,no,no,no,yes,no
201,0,"How to Train Your Dragon",2010,http://www.icheckmovies.com/movies/how+to+train+your+dragon/,70519,5138,237,12,564,,http://www.imdb.com/title/tt0892769/,"2018-02-26 13:10:25",no,no,yes,no
202,0,"Ford v Ferrari",2019,http://www.icheckmovies.com/movies/ford+v+ferrari/,4455,298,21,7,0,,http://www.imdb.com/title/tt1950186/,no,no,no,no,no
203,0,"Barry Lyndon",1975,http://www.icheckmovies.com/movies/barry+lyndon/,17149,2056,135,23,785,,http://www.imdb.com/title/tt0072684/,no,no,no,yes,no
204,0,Eskiya,1996,http://www.icheckmovies.com/movies/eskiya/,3066,253,58,5,97,"The Bandit",http://www.imdb.com/title/tt0116231/,no,no,no,no,no
205,0,"12 Years a Slave",2013,http://www.icheckmovies.com/movies/12+years+a+slave/,28999,1973,149,18,721,,http://www.imdb.com/title/tt2024544/,"2014-03-29 21:06:08",no,no,no,no
206,0,"Mr. Smith Goes to Washington",1939,http://www.icheckmovies.com/movies/mr.+smith+goes+to+washington/,17436,1443,80,15,627,,http://www.imdb.com/title/tt0031679/,no,no,no,yes,no
207,0,"Mad Max: Fury Road",2015,http://www.icheckmovies.com/movies/mad+max+fury+road/,29911,3580,280,21,837,,http://www.imdb.com/title/tt1392190/,"2015-05-20 16:11:12",no,no,no,no
208,0,"Million Dollar Baby",2004,http://www.icheckmovies.com/movies/million+dollar+baby/,62050,3150,490,12,583,,http://www.imdb.com/title/tt0405159/,"2015-10-05 19:32:27",no,no,yes,no
209,0,"Dead Poets Society",1989,http://www.icheckmovies.com/movies/dead+poets+society/,54174,4574,274,11,539,,http://www.imdb.com/title/tt0097165/,no,no,no,no,no
210,0,Network,1976,http://www.icheckmovies.com/movies/network/,21068,2240,99,13,738,,http://www.imdb.com/title/tt0074958/,"2014-10-31 15:20:14",no,no,yes,no
211,0,"Stand by Me",1986,http://www.icheckmovies.com/movies/stand+by+me/,46041,3547,117,8,629,,http://www.imdb.com/title/tt0092005/,"2014-04-15 15:51:50",no,no,yes,no
212,0,"Harry Potter and the Deathly Hallows: Part 2",2011,http://www.icheckmovies.com/movies/harry+potter+and+the+deathly+hallows+part+2/,78973,3941,453,9,656,,http://www.imdb.com/title/tt1201607/,no,no,no,yes,no
213,0,Ben-Hur,1959,http://www.icheckmovies.com/movies/ben-hur/,30824,1247,180,24,688,,http://www.imdb.com/title/tt0052618/,no,no,no,yes,no
214,0,"Cool Hand Luke",1967,http://www.icheckmovies.com/movies/cool+hand+luke/,20987,1872,74,11,591,,http://www.imdb.com/title/tt0061512/,no,no,no,yes,no
215,0,"Hachi: A Dog's Tale",2009,http://www.icheckmovies.com/movies/hachi+a+dogs+tale/,13596,1022,161,4,189,,http://www.imdb.com/title/tt1028532/,no,no,no,no,no
216,0,Platoon,1986,http://www.icheckmovies.com/movies/platoon/,42802,2198,164,22,701,,http://www.imdb.com/title/tt0091763/,"2009-11-14 17:47:19",no,no,no,no
217,0,Ah-ga-ssi,2016,http://www.icheckmovies.com/movies/ah-ga-ssi/,5284,861,25,8,349,"The Handmaiden",http://www.imdb.com/title/tt4016934/,no,no,no,no,no
218,0,Logan,2017,http://www.icheckmovies.com/movies/logan/,14929,1209,86,9,347,,http://www.imdb.com/title/tt3315342/,"2017-03-08 03:18:23",no,no,no,no
219,0,"Into the Wild",2007,http://www.icheckmovies.com/movies/into+the+wild/,60866,6407,669,10,673,,http://www.imdb.com/title/tt0758758/,no,no,no,yes,no
220,0,"Le salaire de la peur",1953,http://www.icheckmovies.com/movies/le+salaire+de+la+peur/,7355,1200,50,25,684,"The Wages of Fear",http://www.imdb.com/title/tt0046268/,no,no,no,no,no
221,0,Rush,2013,http://www.icheckmovies.com/movies/rush-2013/,16172,1306,65,6,340,,http://www.imdb.com/title/tt1979320/,"2014-09-24 18:19:48",no,no,no,no
222,1,"Life of Brian",1979,http://www.icheckmovies.com/movies/life+of+brian/,57414,4322,230,19,715,"Monty Python's Life of Brian",http://www.imdb.com/title/tt0079470/,"2009-11-14 17:47:28",no,no,no,no
223,-1,"Dom za vesanje",1988,http://www.icheckmovies.com/movies/dom+za+vesanje/,2609,330,29,11,247,"Time of the Gypsies",http://www.imdb.com/title/tt0097223/,no,no,no,no,no
224,0,"Les quatre cents coups",1959,http://www.icheckmovies.com/movies/les+quatre+cents+coups/,16090,2065,84,26,939,"The 400 Blows",http://www.imdb.com/title/tt0053198/,no,no,no,yes,no
225,0,"La haine",1995,http://www.icheckmovies.com/movies/la+haine/,14504,1753,60,14,529,"La Haine",http://www.imdb.com/title/tt0113247/,no,no,no,yes,no
226,1,"La passion de Jeanne d'Arc",1928,http://www.icheckmovies.com/movies/la+passion+de+jeanne+darc/,10285,1318,87,26,817,"The Passion of Joan of Arc",http://www.imdb.com/title/tt0019254/,no,no,no,no,no
227,-1,Spotlight,2015,http://www.icheckmovies.com/movies/spotlight-2015/,15812,1226,55,8,453,,http://www.imdb.com/title/tt1895587/,"2016-07-26 15:23:48",no,no,no,no
228,0,"Hotel Rwanda",2004,http://www.icheckmovies.com/movies/hotel+rwanda/,44302,2246,132,10,386,,http://www.imdb.com/title/tt0395169/,"2009-11-14 17:45:24",no,no,no,no
229,0,"Amores perros",2000,http://www.icheckmovies.com/movies/amores+perros/,23825,2235,140,16,555,"Amores Perros",http://www.imdb.com/title/tt0245712/,no,no,no,yes,no
230,0,"Andrey Rublev",1966,http://www.icheckmovies.com/movies/andrey+rublev/,6383,925,86,29,686,"Andrei Rublev",http://www.imdb.com/title/tt0060107/,no,no,no,no,no
231,0,"Gangs of Wasseypur",2012,http://www.icheckmovies.com/movies/gangs+of+wasseypur/,1336,132,59,1,142,,http://www.imdb.com/title/tt1954470/,no,no,no,no,no
232,0,Rocky,1976,http://www.icheckmovies.com/movies/rocky/,69809,2946,340,19,767,,http://www.imdb.com/title/tt0075148/,"2009-11-14 17:49:48",no,no,no,no
233,0,"Monsters, Inc.",2001,http://www.icheckmovies.com/movies/monsters+inc./,117657,5992,210,14,687,,http://www.imdb.com/title/tt0198781/,"2013-06-08 06:42:54",no,no,no,no
234,0,"Kaze no tani no Naushika",1984,http://www.icheckmovies.com/movies/kaze+no+tani+no+naushika/,18362,1846,102,8,495,"Nausicaä of the Valley of the Wind",http://www.imdb.com/title/tt0087544/,no,no,no,yes,no
235,0,Rebecca,1940,http://www.icheckmovies.com/movies/rebecca/,16183,1600,64,22,694,,http://www.imdb.com/title/tt0032976/,no,no,no,yes,no
236,0,"Du rififi chez les hommes",1955,http://www.icheckmovies.com/movies/du+rififi+chez+les+hommes/,4798,757,19,19,524,Rififi,http://www.imdb.com/title/tt0048021/,no,no,no,no,no
237,0,"Rang De Basanti",2006,http://www.icheckmovies.com/movies/rang+de+basanti/,2887,207,125,4,133,,http://www.imdb.com/title/tt0405508/,no,no,no,no,no
238,0,"Before Sunset",2004,http://www.icheckmovies.com/movies/before+sunset/,22176,2682,149,16,624,,http://www.imdb.com/title/tt0381681/,no,no,no,no,no
239,0,"Faa yeung nin wa",2000,http://www.icheckmovies.com/movies/faa+yeung+nin+wa/,13558,2332,100,28,846,"In the Mood for Love",http://www.imdb.com/title/tt0118694/,no,no,no,yes,no
240,0,"Paris, Texas",1984,http://www.icheckmovies.com/movies/paris+texas/,12050,1797,65,20,655,,http://www.imdb.com/title/tt0087884/,no,no,no,no,no
241,0,"Portrait de la jeune fille en feu",2019,http://www.icheckmovies.com/movies/portrait+de+la+jeune+fille+en+feu/,2567,420,13,10,0,"Portrait of a Lady on Fire",http://www.imdb.com/title/tt8613070/,no,no,no,no,no
242,0,"It Happened One Night",1934,http://www.icheckmovies.com/movies/it+happened+one+night/,14192,1494,54,28,789,,http://www.imdb.com/title/tt0025316/,no,no,no,yes,no
243,0,Contratiempo,2016,http://www.icheckmovies.com/movies/contratiempo-2016/,2149,240,17,3,0,"The Invisible Guest",http://www.imdb.com/title/tt4857264/,no,no,no,no,no
244,1,"The Help",2011,http://www.icheckmovies.com/movies/the+help/,29916,2129,230,5,406,,http://www.imdb.com/title/tt1454029/,no,no,no,no,no
245,-1,Drishyam,2015,http://www.icheckmovies.com/movies/drishyam-2015/,535,33,18,1,48,,http://www.imdb.com/title/tt4430212/,no,no,no,no,no
246,2,"Koe no katachi",2016,http://www.icheckmovies.com/movies/koe+no+katachi/,1104,167,10,3,0,"A Silent Voice",http://www.imdb.com/title/tt5323662/,no,no,no,no,no
247,-1,"La battaglia di Algeri",1966,http://www.icheckmovies.com/movies/la+battaglia+di+algeri/,8390,1027,58,27,677,"The Battle of Algiers",http://www.imdb.com/title/tt0058946/,no,no,no,no,no
248,-1,Mandariinid,2013,http://www.icheckmovies.com/movies/mandariinid/,1445,246,5,3,182,Tangerines,http://www.imdb.com/title/tt2991224/,no,no,no,no,no
249,0,"The Princess Bride",1987,http://www.icheckmovies.com/movies/the+princess+bride/,60097,5685,385,18,786,,http://www.imdb.com/title/tt0093779/,"2009-11-14 17:47:55",no,no,no,no
250,,"Shin seiki Evangelion Gekijô-ban: Air/Magokoro wo, kimi ni",1997,http://www.icheckmovies.com/movies/shin+seiki+evangelion+gekijo-ban+airslashmagokoro+wo+kimi+ni/,7515,613,93,9,176,"Neon Genesis Evangelion: The End of Evangelion",http://www.imdb.com/title/tt0169858/,no,no,no,no,no
